username;date;retweets;favorites;text;geo;mentions;hashtags;id;permalink
Stephany_olivg;2019-05-07 09:53;2;1;""adolescente só estuda não tem mais nada pra se preocupar" Claro po Prova Trabalho Teste Auto estima baixa Aparência Ansiedade Insônia Desilusões Amizades passageiras Insegurança Bullying Não são nada.";;;;"1125745547632095234";https://twitter.com/Stephany_olivg/status/1125745547632095234
LohaineMiguez;2019-05-07 09:50;0;0;"Os amigos de trabalho de vcs também te boicotam por medo de pegar sua gripe? Muito bullying";;;;"1125744718548295680";https://twitter.com/LohaineMiguez/status/1125744718548295680
fervaladares;2019-05-07 00:43;0;2;"Trabalhem melhor mesmo, eles não falam com embasamento nenhum, nem se quer dão o trbaalho de procurar para acrescentar bons argumentos, apenas escracham no método mais tosco pra ganhar atenção, isso não é trabalho e sim bullying.";;;;"1125607036752932866";https://twitter.com/fervaladares/status/1125607036752932866
nathisuicide;2019-05-05 13:02;0;16;"Uma das meninas que fazia bullying na época de escola começou a trabalhar na loja da minha mãe, espero que esse trabalho seja horrível pra ela";;;;"1125068237803261952";https://twitter.com/nathisuicide/status/1125068237803261952
furlanmarcos;2019-05-04 19:16;0;1;"Abril foi o mês da luta pela conscientização, contra o bullying e pela inclusão plena dos autistas. E também de bastante trabalho de rua! Começamos Maio com ainda mais gás! # MarcosFurlan # AtivaMogi em Mogi das Cruzes https://www.instagram.com/p/BxDpsi-pysa/?igshid=1wohrjmwwvy0w …";;;# #;"1124800042005667841";https://twitter.com/furlanmarcos/status/1124800042005667841
h4rulol;2019-05-04 18:53;0;0;"já fez seu trabalho sobre BULLYING???";;;;"1124794223583211522";https://twitter.com/h4rulol/status/1124794223583211522
Guh359;2019-05-04 14:14;0;0;"Que o bullying não tá fazendo o trabalho direito, pode levar esses 2 chorume pic.twitter.com/Y8NIpqvR06";;;;"1124724047869284352";https://twitter.com/Guh359/status/1124724047869284352
hailmarina;2019-05-03 10:43;0;2;"Troca o sexo da Carol e vc tem uma história de heroi médio: um garoto franzino que sofria bullying dos colegas fortinhos, que era maltratado pelo pai e subjugado no trabalho. Quase um Cap América, não?";;;;"1124308515462500354";https://twitter.com/hailmarina/status/1124308515462500354
luluborba;2019-05-02 20:59;0;0;"Trabalho de artes do Léo (meu gatinho de 12 anos) sobre bullying. Além de um baita desenhista demonstrou muita sensibilidade com as palavras nos "balões" (dêem zoom e leiam... é de chorar)… https://www.instagram.com/p/Bw-r4UnF1oP/?utm_source=ig_twitter_share&igshid=pa26nrk38d66 …";;;;"1124101150544945153";https://twitter.com/luluborba/status/1124101150544945153
WaffleMeido;2019-05-02 16:58;0;1;"Essa treta toda do kun0 e bullying na twitch é literalmente o motivo de eu ter tanta ansiedade pra compartilhar meu trabalho online ou principalmente, pra fazer lives na twitch. É bom ver que tem tanta gente legal dando apoio à dreamneko, mas (1/3)";;;;"1124040383317647361";https://twitter.com/WaffleMeido/status/1124040383317647361
annediesel;2019-05-01 19:19;0;0;"E a comida era mais fresca, então era a melhor solução. Sofri bullying no trabalho por muito tempo pq era horário de “almoço de roça”";;;;"1123713593478909953";https://twitter.com/annediesel/status/1123713593478909953
aridenisson;2019-05-01 17:56;0;2;"às vezes a gente ia prum selve-sélviçe perto do trabalho e ela ficava tentando pegar a parte s/ coentro do vinagrete eu sempre fazia bullying com isso, e ainda dizia “ah, pois eu amo coentro, chega a ser nossa identidade”";;;;"1123692641705656321";https://twitter.com/aridenisson/status/1123692641705656321
yaguinhofonseca;2019-04-30 13:43;0;7;"Hoje discuti machismo, feminicídio e bullying no meu trabalho. Desconstruir o que já está institucionalizado pelo sistema e empoderar pessoas é preciso. Feliz pelo dia de hoje!!! Acho que fiz me papel de formiguinha.";;;;"1123266697224491008";https://twitter.com/yaguinhofonseca/status/1123266697224491008
thaysssm;2019-04-29 22:54;0;0;"Sem contar q eu ainda to conciliando trabalho e minha vida fit pq parar de malhar n paro nunca, acho as magrinhas lindas mas eu n sirvo p ser magra mais, talvez seja um trauma mesmo de tanto bullying q sofri";;;;"1123042865930735616";https://twitter.com/thaysssm/status/1123042865930735616
tono_cio;2019-04-29 19:33;0;0;"tô sofrendo mt bullying no trabalho kkkkk";;;;"1122992447892668416";https://twitter.com/tono_cio/status/1122992447892668416
MelgioP;2019-04-29 16:37;0;0;"Chamar um trabalho de base para evitar o Bullying e a discriminação entre jovens de "ideologia de gênero" é uma tática bem comum entre comunidades cristãs americanas, feita com fins políticos para assustar a população. Não caia nessa. https://www.mentalhealthamerica.net/bullying-and-gay-youth …";;;;"1122948040598355970";https://twitter.com/MelgioP/status/1122948040598355970
Liviadmatos;2019-04-29 15:18;0;1;"Tava olhando jurisprudências p um trabalho da faculdade e tô apavorada c a quantidade e as formas de casos de abuso sexual e bullying";;;;"1122928182234099712";https://twitter.com/Liviadmatos/status/1122928182234099712
lolaalmda;2019-04-29 15:11;0;0;"já mostro miga, não quero dar essa chance pro povo do trabalho praticar bullying comigo hahahaha";;;;"1122926515547774976";https://twitter.com/lolaalmda/status/1122926515547774976
leobarros52;2019-04-29 13:45;0;0;"Imagine vc quantos alunos não sofrem com esse mesmo problema sem fazerem nada para mudar. Isso acontece muito pq foi propagado para ser feito assim. Eu mesmo filmei um trabalho de um professor do PT que a uns 10 anos atrás já praticava esse Bullying mental nos alunos.";;;;"1122904662305333248";https://twitter.com/leobarros52/status/1122904662305333248
Bibilixous;2019-04-29 10:52;0;32;"Mano, não é uma questão de soltar o Lula ou não. Seria o menor dos problemas. O problema é que um homem com mentalidade daqueles meninos que praticam bullying na quinta série está comandando o Brasil. Ele não é uma pessoa boa, ele não está fazendo um bom trabalho. Abre teus olhos";;;;"1122861314777415682";https://twitter.com/Bibilixous/status/1122861314777415682
letsdancemila;2019-04-28 17:58;0;0;"Como descrever a situação em que a pessoa em que me fez bullying na infância e acabou com minha autoestima/psicológico,está me pagando para fazer o trabalho de graduação dela?";;;;"1122606001025363968";https://twitter.com/letsdancemila/status/1122606001025363968
Kuwabarinha;2019-04-28 17:16;0;0;"To sofrendo bullying por causa que meu irmão e minha mãe acharam aqueles vídeos meus do trabalho no YouTube";;;;"1122595541425242124";https://twitter.com/Kuwabarinha/status/1122595541425242124
Gii_chmu;2019-04-26 12:16;0;2;"Cheguei mais cedo no trabalho hoje e meus chefes cantaram parabéns com a redação toda batendo palma e eu agachada, morrendo de vergonha, toda vermelha. Aí depois vem o chefe mor do andar perguntar se é meu aniversário, mas é apenas bullying mesmo. Sextou";;;;"1121795070364008448";https://twitter.com/Gii_chmu/status/1121795070364008448
loohbassi;2019-04-25 11:51;0;0;"Gente to fazendo um trabalho da facul e queria saber um negócio, quem puder responder aí ficarei grata. Quem já sofreu bullying por causa do corpo";;;;"1121426509418389506";https://twitter.com/loohbassi/status/1121426509418389506
Fckingjzz__;2019-04-25 10:23;0;1;"Tem um trabalho de jornal aqui na escola daí umas das matérias seria moda tem uma revista que são modelos plus size as meninas estão rindo das modelos e falando bosta MANO???? O pior e que na primeira aula estávamos falando sobre bullying NOJOOOOO dessas garotas";;;;"1121404242009493505";https://twitter.com/Fckingjzz__/status/1121404242009493505
aquxmera;2019-04-19 02:12;0;0;"hoje a menina que praticou bullying comigo o fundamental inteiro foi lá no meu trabalho, ainda bem que não fui obrigada atendê-la";;;;"1119106399584129024";https://twitter.com/aquxmera/status/1119106399584129024
Micherica;2019-04-11 18:45;0;4;"Sofri bullying minha adolescência toda, sofri bullying no trabalho e até fui motivo de vergonha de quem me relacionei. Hoje eu tenho orgulho da mulher forte e linda que me tornei. Mesmo com sorriso torto eu consigo ser maravilhosa pic.twitter.com/Dn2R85IBjT";;;;"1116457318206648320";https://twitter.com/Micherica/status/1116457318206648320
calefidan;2019-04-11 12:17;0;0;"Segundo meu caro amigo e companheiro de trabalho, Luís Felipe. Bullying é aquele treco de armazenar Caféllying";;;;"1116359569473667073";https://twitter.com/calefidan/status/1116359569473667073
nardopsilva;2019-04-09 21:56;0;0;"Medo de sofrer bullying agora no trabalho https://twitter.com/gabi_casteglion/status/1115447954998005760 …";;;;"1115780472125186054";https://twitter.com/nardopsilva/status/1115780472125186054
natiefontenele;2019-04-09 15:42;0;1;"Eles fazem sempre um trabalho de conscientização sobre o bullying, mas os filhos são reflexos dos pais.";;;;"1115686514632138752";https://twitter.com/natiefontenele/status/1115686514632138752
carolinaflavia_;2019-04-04 22:40;0;1;"Eu sofro bullying no trabalho e meu familiar ainda colabora para a zueira ir para o grupo da família, eu n mereço";;;;"1113979650601050112";https://twitter.com/carolinaflavia_/status/1113979650601050112
faanascimento;2019-03-26 19:39;0;1;"Estou sofrendo bullying no trabalho por causa desse balcão putsssssss";;;;"1110672629059473408";https://twitter.com/faanascimento/status/1110672629059473408
llauralola;2019-03-21 19:16;0;0;"a minha prima é historiadora e trabalha na rede pública, ai hoje uma colega de trabalho chegou nela pra desbafar que o filho (estudante de história na ufpa) tava sofrendo bullying, os colegas excluiram ele e etc, pensei logo puts coitado do mlk e tal aí perguntei o motivo";;;;"1108854941412716545";https://twitter.com/llauralola/status/1108854941412716545
2i_ian;2019-03-21 14:25;0;0;"Quando é trabalho em grupo todos ficam em suas panelinhas e eu sempre sobro. Me sinto como fosse aquele aluno que sofre bullying/odiado por todos!";;;;"1108781662354190337";https://twitter.com/2i_ian/status/1108781662354190337
lissmomm;2019-03-20 21:55;0;0;"Às ordens, meu sofrimento para o seu entretenimento. Ps.: agora q Eu lavei ficou mais decente e não sofrerei bullying no trabalho";;;;"1108532548941086721";https://twitter.com/lissmomm/status/1108532548941086721
mbitchner;2019-03-19 21:04;0;4;"eu to anotando todos os relatos de bullying que eu to recebendo e eu to chorando tanto, acho que foi o trabalho mais doloroso q ja fiz";;;;"1108157377898053634";https://twitter.com/mbitchner/status/1108157377898053634
Angeloz_;2019-03-18 22:06;0;2;"Triste ter que ouvir numa discussão com os colegas de trabalho sobre o massacre de Suzano que "bullying é frescura" e "no meu tempo a gente resolvia bullying na porrada"";;;;"1107810592784556034";https://twitter.com/Angeloz_/status/1107810592784556034
MARIAng42929772;2019-03-15 07:54;0;0;"@ spnoarrecord o bullying está presente em todos os lugares , nas escolas ,no trabalho . E é sempre horrível! Conheço adultos que sofrem bullying também sofrem muito .";;@;;"1106509020909719552";https://twitter.com/MARIAng42929772/status/1106509020909719552
yasminpm13;2019-03-14 13:35;0;0;"Sofri bullying no meu trabalho por causa das lembrança do Facebook que postei no stories";;;;"1106232461518925825";https://twitter.com/yasminpm13/status/1106232461518925825
SergioMoroRocks;2019-03-14 10:16;0;2;"Estou sofrendo bullying por causa do clebéris kkkkk vou virar feminista e fazer uns protestos sem roupa qdo sair do trabalho kkkkkk";;;;"1106182314017652737";https://twitter.com/SergioMoroRocks/status/1106182314017652737
lumoraes2S;2019-03-14 05:20;0;0;"Quem nc sofreu, tudo vai da orientação q ele recebe em casa para lidar com isso, a ajuda da escola tbm é importante para neutralizar o assédio dentro da instituição, além do trabalho junto a família de quem pratica e de quem sofre o bullying.";;;;"1106107719277314049";https://twitter.com/lumoraes2S/status/1106107719277314049
sue_fcs;2019-03-13 22:12;4;9;"Num país onde foi eleito um presidente que diz que as minorias devem se curvar a maioria, fica imensamente complicado um trabalho voltado para prevenção de bullying nas escolas.";;;;"1106000228992405509";https://twitter.com/sue_fcs/status/1106000228992405509
wallace_moraiss;2019-03-13 19:16;0;1;"O bullying é algo muito sério. Devemos tratar desse tema em casa, nas escolas, na faculdade, no trabalho, em todos os locais onde essa violência moral acontece.";;;;"1105955933253976065";https://twitter.com/wallace_moraiss/status/1105955933253976065
Jodel_Santana;2019-02-02 20:34;0;0;"BULLYING NO TRABALHO # boanoite # sabadão # vamosrir # sjcampos # valedoparaiba # sp # brasil # america # world # piadas # historias # engraçadas # paulinhogogo # malandrocarioca em São José dos Campos https://www.instagram.com/p/BtZXcEWl0ZY/?utm_source=ig_twitter_share&igshid=1eglaxic6mywx …";;;# # # # # # # # # # # # # #;"1091827316366495744";https://twitter.com/Jodel_Santana/status/1091827316366495744
abdenyafuri1;2018-12-29 23:30;0;0;"Quando seus colegas do trabalho praticam bullying com vc... # xenofobianão # oacreexiste uberdepre uber @ uber_sp em Taguatinga, Federal District https://www.instagram.com/p/Br_jtkmh0fA/?utm_source=ig_twitter_share&igshid=f6b15dpe7yj7 …";;@;# #;"1079187946077483015";https://twitter.com/abdenyafuri1/status/1079187946077483015
sanger1983;2018-11-07 18:33;0;0;"Trabalho de história Professor: Sanger Amaral Alves Nogueira Tema: “Como perceber e combater o bullying nas escolas através da animação Uma voz… https://www.instagram.com/p/Bp5ISzxgEa1/?utm_source=ig_twitter_share&igshid=1m7p221zm58bj …";;;;"1060269084317769729";https://twitter.com/sanger1983/status/1060269084317769729
missroma23;2018-10-20 11:02;0;0;"Hoje é o dia mundial de combate ao bullying Ensine a criança presente na sua família a praticar o respeito pois educação e um trabalho de casa+escola em… https://www.instagram.com/p/BpKFYO7A-EVVrsD1FlMM8WUB7P-YhybK9G5cjo0/?utm_source=ig_twitter_share&igshid=mn597ygbfmgu …";;;;"1053647754226999296";https://twitter.com/missroma23/status/1053647754226999296
MeuBreniN;2018-04-11 17:31;2;9;"Live @ marcos_harter definições de live, almoço, salário, trabalho, App, nariz sem bullying. (… https://www.instagram.com/p/BhcZQT8BBIu/";;@;;"984167138863677440";https://twitter.com/MeuBreniN/status/984167138863677440
guileles;2018-04-06 06:39;0;0;"PROGRAMA DE PREVENÇÃO E COMBATE AO BULLYING E CYBERBULLYING Iniciamos um trabalho que ira… https://www.instagram.com/p/BhOWreJAqcG/";;;;"982191147169665025";https://twitter.com/guileles/status/982191147169665025
renatazevedo;2017-10-26 12:03;0;1;"Trabalho realizado com a turma do 6º ano da escola que trabalho sobre Bullying. Tema de grande… https://www.instagram.com/p/Baty6aTgISl/";;;;"923565701440290817";https://twitter.com/renatazevedo/status/923565701440290817
monise_reis;2017-07-05 10:42;0;0;"Bullying no ambiente de trabalho? Sim, fazemos. @E/OU-MRM https://www.instagram.com/p/BWKr1TOnWOB/";;@E;;"882595534820790272";https://twitter.com/monise_reis/status/882595534820790272
andre_almeida29;2017-06-06 12:51;0;0;"Quando você é careca e vem de terno pro trabalho e tem que encarar "bullying" dos amiguinhos de… https://www.instagram.com/p/BVAPhxPAnFC/";;;;"872118695203680256";https://twitter.com/andre_almeida29/status/872118695203680256
Nat_Rodrigues98;2017-05-12 08:46;0;0;"Bullying existe até no trabalho,acredite";;;;"862997363383816192";https://twitter.com/Nat_Rodrigues98/status/862997363383816192
vansderlei;2016-08-11 13:49;0;0;"Quando você acha q o Bullying ficou na época de escola, ele da as caras no trabalho. @Wintime… https://www.instagram.com/p/BI-cjIehh4g/";;@Wintime;;"763779460969537537";https://twitter.com/vansderlei/status/763779460969537537
LaraGrossmann;2016-06-06 01:18;0;0;"Minha querida colega de trabalho fazendo bullying comigo pic.twitter.com/gxAUzlTzwY";;;;"739672763720474624";https://twitter.com/LaraGrossmann/status/739672763720474624
MayaCMoura;2016-05-06 14:32;0;0;"O cúmulo do bullying no trabalho. # VireiAElsa @Editora Record https://www.instagram.com/p/BFEwRgJM6ve/";;@Editora;#;"728638461419397121";https://twitter.com/MayaCMoura/status/728638461419397121
BelloMatheus;2016-04-25 23:21;0;0;"O tema do trabalho era Bullying, tentei trazer para nossa atual situação. Ao fim do trabalho… https://www.instagram.com/p/BEpYKI4w0lR/";;;;"724785519557771264";https://twitter.com/BelloMatheus/status/724785519557771264
luciapina;2016-01-08 12:23;0;0;"Você sai de "férias" mas o bullying continua no trabalho # kanui # kanuibr # dafiti @Belém,… https://www.instagram.com/p/BASAFsYmFv-/";;@Bel;# # #;"685466833034567680";https://twitter.com/luciapina/status/685466833034567680
RahCCM;2015-11-04 23:12;0;0;"Trabalho sobre bullying finalizado @FCL/Ar-UNESP Universidade… https://instagram.com/p/9r5nYmThwzrTnxBK3v442lLTFwuqJhdnsIAZQ0/ …";;@FCL;;"662090174998962176";https://twitter.com/RahCCM/status/662090174998962176
admilsonalmeida;2015-10-05 12:50;0;0;"# Contribuição para o # trabalho da minha # filha sobre # bullying @Asa Norte - Brasila DF https://instagram.com/p/8dijjAIJer/";;@Asa;# # # #;"651061937883738112";https://twitter.com/admilsonalmeida/status/651061937883738112
wvidal1906;2015-09-04 11:06;0;0;"Bullying no trabalho. @GGP - Gugu Liberato Produções https://instagram.com/p/7NiCqqvmvDHENfR50hjSQyW2yObIf5IIuBTt00/ …";;@GGP;;"639801808374886400";https://twitter.com/wvidal1906/status/639801808374886400
Gabi_Oliimpio;2015-08-12 22:24;0;0;"Meu trabalho de artes vai ser sobre o documentário "Bullying Fatal" .. # MPN # CABELOSDEALGODÃO";;;# #;"631637466286587904";https://twitter.com/Gabi_Oliimpio/status/631637466286587904
hhaydee;2015-06-24 23:12;0;0;"Sabe aquele bullying que todo mundo já ouviu que alguém já sofreu alguma vez no trabalho? Surreal e… https://instagram.com/p/4Vb0R1vZFc/";;;;"613892422012116992";https://twitter.com/hhaydee/status/613892422012116992
maiconborgesbds;2015-06-11 18:47;1;1;"Caralho .. Tava fazendo trabalho de bullying me lembrei de quando a 84 zuou a nataly ... Kkkkkkkkkkkkkkkk fiz o trabalho pensando nela";;;;"609114831996788736";https://twitter.com/maiconborgesbds/status/609114831996788736
geragoncalves;2015-05-22 19:45;0;1;"bullying no trabalho. parada triste, sabe @b!ferraz https://instagram.com/p/3AF63SgVot/";;@b;;"601881582773936128";https://twitter.com/geragoncalves/status/601881582773936128
TREVOSAGABI;2015-05-19 11:22;0;0;""Eu vou comprar um espelho enorme, do meu tamanho" "Mas como o espelho vai ser enorme e do seu tamanho?" Eu sofrendo bullying no trabalho.";;;;"600667759601651712";https://twitter.com/TREVOSAGABI/status/600667759601651712
ohsourtimes;2015-04-14 01:16;0;0;"Gente eu ando sofrendo muito bullying no trabalho :(";;;;"587831889416867840";https://twitter.com/ohsourtimes/status/587831889416867840
andreoliveeira;2015-04-10 15:50;0;0;"Sofrendo bullying no trabalho @Ediouro https://instagram.com/p/1Thq77Hs-w/";;@Ediouro;;"586602222894641152";https://twitter.com/andreoliveeira/status/586602222894641152
NuckZ__;2015-03-26 19:17;0;0;"O bullying com a colega de trabalho que faz arquitetura foi hard.";;;;"581218452263845888";https://twitter.com/NuckZ__/status/581218452263845888
ManuellaSalles2;2015-03-22 23:27;0;1;"Sofro bullying no trabalho por ser baiana.";;;;"579831856381739009";https://twitter.com/ManuellaSalles2/status/579831856381739009
negherbonn;2015-03-12 01:55;0;0;"Hoje eu estava escutando Two Dor Cinema Club no trabalho, sofri bullying.";;;;"575882846046449664";https://twitter.com/negherbonn/status/575882846046449664
gamabitch;2015-03-09 16:55;0;0;"@ slp_be terminei de fazer um trabalho sobre o bullying agr";;@;;"575022188664913920";https://twitter.com/gamabitch/status/575022188664913920
gabem_;2015-03-06 18:34;0;0;"sofrendo bullying no trabalho @ marcelossoarespic.twitter.com/kfVEf8agD9";;@;;"573959790189215744";https://twitter.com/gabem_/status/573959790189215744
fffferz;2015-02-27 17:39;0;0;"Pra não ser comum, segundo os colegas # trabalho # bullying # nadacomum @CISA https://instagram.com/p/znksZohCo3/";;@CISA;# # #;"571409221482352641";https://twitter.com/fffferz/status/571409221482352641
JosineideSF;2015-02-22 18:36;2;0;"55% dos profissionais de TI sofrem bullying no trabalho http://exame.abril.com.br/carreira/noticias/55-dos-profissionais-de-ti-sofrem-bullying-no-trabalho …";;;;"569611743565090816";https://twitter.com/JosineideSF/status/569611743565090816
JosineideSF;2015-02-20 20:36;0;0;"55% dos profissionais de TI sofrem bullying no trabalho http://exame.abril.com.br/carreira/noticias/55-dos-profissionais-de-ti-sofrem-bullying-no-trabalho …";;;;"568901966618886144";https://twitter.com/JosineideSF/status/568901966618886144
Robson_Pedroso;2015-02-19 19:28;0;0;"“ @ olhardigital: Pesquisa mostra que profissionais de TI sofrem bullying dos colegas de trabalho http://bit.ly/1DEWeQQ ”";;@;;"568522466580000769";https://twitter.com/Robson_Pedroso/status/568522466580000769
ProgramadorREAL;2015-02-19 12:27;6;6;"O nome é "assédio moral" RT @ _INFO: Mais da metade dos profissionais de TI sofre bullying no trabalho http://abr.ai/19C5SbU";;@;;"568416667811897344";https://twitter.com/ProgramadorREAL/status/568416667811897344
penduluma_;2015-02-16 06:49;0;0;"É gente sofro bullying no trabalho hshaushsusususu";;;;"567244363072552961";https://twitter.com/penduluma_/status/567244363072552961
exxxxit_;2015-02-12 00:27;0;0;"Sofro bullying no trabalho";;;;"565698567294431233";https://twitter.com/exxxxit_/status/565698567294431233
_mendescrew;2015-02-05 12:55;0;0;"Karate Kid:mlk q sofre bullying conhece velho, sofre exploração do trabalho infantil, fica dopado de chá de bonsai e acerta golpe nada a ver";;;;"563350329534980096";https://twitter.com/_mendescrew/status/563350329534980096
ddlwithlana;2015-01-28 15:44;0;0;"Quando eu estava no oitavo ano fiz um trabalho sobre bullying e fiz sobre quem ? DEMI o trabalho ficou perfeito cara";;;;"560493554632765440";https://twitter.com/ddlwithlana/status/560493554632765440
djpereraR;2015-01-24 10:49;0;0;"5-Cheguei no trabalho com o cabelo zuado, de chinelos e carregando a bagagem toda, óbvio que sofri bullying";;;;"558969783694426112";https://twitter.com/djpereraR/status/558969783694426112
hmmvi;2015-01-14 18:48;0;0;"Até no trabalho tem bullying por causa da minha cor, primeiro dia e o assunto foi minha negrisse kkkkk";;;;"555466549621166080";https://twitter.com/hmmvi/status/555466549621166080
Gabi_sales1;2015-01-12 22:10;0;0;"Oi gente! Tô aqui rural na aula de psicologia, acabei de apresentar um trabalho sobre bullying e foi bom";;;;"554792572024279042";https://twitter.com/Gabi_sales1/status/554792572024279042
brunnodineck;2015-01-07 01:13;0;0;"fico olhando o trabalho de fotógrafos no facebook e tenho vontade de apagar todas as fotos que eu tiro da internet pra não sofrer bullying";;;;"552664297793658880";https://twitter.com/brunnodineck/status/552664297793658880
Isidorio_t;2015-01-05 09:09;0;0;"Já chego no trabalho sofrendo bullying";;;;"552059242765889537";https://twitter.com/Isidorio_t/status/552059242765889537
barb1xas;2015-01-04 02:06;0;0;"qual dieta Daniel Nascimento usou para deixar de ser gordinho e não sofrer mais bullying dos colegas de trabalho pesquisar";;;;"551590367343423488";https://twitter.com/barb1xas/status/551590367343423488
_luquino;2014-12-18 19:49;0;0;"Será que eu posso reclamar com o meu chefe do bullying que recebo de um colega de trabalho que é ouro V e me chama de bronze lixo? HAUAHWUAH";;;;"545697328284569600";https://twitter.com/_luquino/status/545697328284569600
jenisgp;2014-12-17 23:29;1;0;"Pra que bullying maior que aquela minha foto da carteira de trabalho? Porra...";;;;"545390373364060161";https://twitter.com/jenisgp/status/545390373364060161
yeymelimaa;2014-11-21 13:28;0;0;"O bullying no trabalho tá forte. Ahduaheja";;;;"535816941207052288";https://twitter.com/yeymelimaa/status/535816941207052288
IzadoraSilvaa1;2014-11-18 20:22;0;0;"Adoro fazer trabalho com o grupo da sala, só não sei pq sofro tanto bullying vou sentir saudades # 3ao";;;#;"534834052952776705";https://twitter.com/IzadoraSilvaa1/status/534834052952776705
PedrooHercules;2014-11-14 13:31;0;0;"Sofrendo bullying no trabalho. Não posso com isso haha";;;;"533280963410014208";https://twitter.com/PedrooHercules/status/533280963410014208
jairoraymundo;2014-11-13 08:05;0;0;"E quem disse q é só na escola, heim? @ g1: Quase metade d jovens sofre bullying no trabalho http://glo.bo/10ZJqEL # G1pic.twitter.com/Mh66z9eyoE";;@;#;"532836536312934400";https://twitter.com/jairoraymundo/status/532836536312934400
c_falabella;2014-11-10 18:34;0;0;"Dai vc faz dieta no trabalho e o pessoal faz bullying e começa a vender na copa enroladinho, coxinha,… http://instagram.com/p/vO5fATrJy7/";;;;"531907706735452160";https://twitter.com/c_falabella/status/531907706735452160
brunopponciano;2014-11-09 10:32;0;0;"Agora não posso usar um boné, boina ou touca no trabalho e com certeza vou sofrer bullying dos meus alunos.";;;;"531424027299315713";https://twitter.com/brunopponciano/status/531424027299315713
heymedeiros_;2014-10-27 06:22;0;0;"Netinho tá de bullying... Mega trabalho, mega apresentação, mega preguiça pra isso tudo kk";;;;"526665299450667008";https://twitter.com/heymedeiros_/status/526665299450667008
chenplanet;2014-10-22 21:57;0;0;"@niallgirlbj tem o trabalho de portugues de bullying que a gente não fez (e acho que nem vamos fazer)";;@niallgirlbj;;"525088583213150208";https://twitter.com/chenplanet/status/525088583213150208
ggalvaolopes;2014-10-21 13:28;0;0;"Estou sofrendo bullying no trabalho... # Dilma13 # AecioNeverpic.twitter.com/hcnIBOmP8d";;;# #;"524598107171201024";https://twitter.com/ggalvaolopes/status/524598107171201024
__misfittoy;2014-10-20 09:44;0;0;"To sofrendo bullying no trabalho pq não sei escrever com letra de mão hsuahsua a professora do 1° ano disse que vai me ensinar a escrever";;;;"524179443066343424";https://twitter.com/__misfittoy/status/524179443066343424
nahcristine;2014-10-03 11:48;0;0;"Vou ter que começar a dar aula de burca...tudo que eu visto o povo fala...bullying no ambiente de trabalho!";;;;"518050015223504896";https://twitter.com/nahcristine/status/518050015223504896
salldanhaaa;2014-10-03 09:01;0;0;"Trabalho de bullying pic.twitter.com/jkglCQUDIP";;;;"518007858328506368";https://twitter.com/salldanhaaa/status/518007858328506368
gabiioliveeeir;2014-10-03 08:47;0;0;"Meu grupo acabou de ganhar o sorteio do trabalho do bullying, minha amigas são demaaaais";;;;"518004358487998464";https://twitter.com/gabiioliveeeir/status/518004358487998464
gabiioliveeeir;2014-10-03 08:46;0;1;"A aula de história sobre o trabalho do bullying tava muito engra !";;;;"518004111879716866";https://twitter.com/gabiioliveeeir/status/518004111879716866
ribeirofflavia;2014-09-23 16:40;0;0;"Sobre sofrer bullying no trabalho:";;;;"514499485536649217";https://twitter.com/ribeirofflavia/status/514499485536649217
och044;2014-09-19 17:25;0;0;"Meu apelido no trabalho E em casa é "ogra" ou "fiona"..... Ai ces podem perceber que o bullying n tem fim";;;;"513061340609798144";https://twitter.com/och044/status/513061340609798144
lucascbcarvalho;2014-09-17 17:31;0;0;"Sofrer # Bullying no trabalho! Quem nunca? # AchoPalha # SoPqSouSubalterno # VaiTerVolta… http://instagram.com/p/tD2MmNj8SK/";;;# # # #;"512338038005846016";https://twitter.com/lucascbcarvalho/status/512338038005846016
Weendeel7;2014-09-17 09:59;0;0;"Noiz tava apresentando trabalho sobre bullying maneiro hein";;;;"512224429955637249";https://twitter.com/Weendeel7/status/512224429955637249
nandafiorenzano;2014-09-16 14:04;0;0;"Sofro bullying no trabalho. Coisa que só o @ rodrigogenta faz por mim... @TV Band Minas http://instagram.com/p/tA5wfhq_ng/";;@ @TV;;"511923583975567361";https://twitter.com/nandafiorenzano/status/511923583975567361
polentinhafrita;2014-09-15 10:33;0;0;"Sobre bullying no trabalho: zzzzz";;;;"511507999383642112";https://twitter.com/polentinhafrita/status/511507999383642112
ahoujessica;2014-09-13 18:30;0;0;"Sofro bullying no trabalho. Sou tão pequena q das meninas mais "baixas" bato no ombro";;;;"510903286174871552";https://twitter.com/ahoujessica/status/510903286174871552
lannemiim;2014-09-02 14:01;0;0;"Meu local de trabalho está em seria crise. Motivos? Bullying.";;;;"506849297422639105";https://twitter.com/lannemiim/status/506849297422639105
tudoqcabeaqui;2014-09-02 09:30;0;0;"+a zoar, fiquei quieta, o trabalho n foi exposto e a professora reclamou é quer levar o grupo na direção pq o q "fizemos" é bullying porém*";;;;"506781260543717377";https://twitter.com/tudoqcabeaqui/status/506781260543717377
fixp4rker;2014-08-27 21:46;0;0;"Tenho um trabalho de inglês e precisava de alguém que tivesse passado por bullying/anorexia/bulimia/cutting, mas n conheço ninguém";;;;"504792164191453184";https://twitter.com/fixp4rker/status/504792164191453184
perksofbearthur;2014-08-26 09:26;0;0;"todo bullying que eu deixei de sofrer na infância to sofrendo agora no trabalho mas to cagando";;;;"504243511680860160";https://twitter.com/perksofbearthur/status/504243511680860160
acordayane;2014-08-21 12:09;0;0;"To sofrendo bullying no trabalho ):";;;;"502472630512136192";https://twitter.com/acordayane/status/502472630512136192
oquemari;2014-08-19 23:15;1;0;"Vou nem me dar ao trabalho de ver o vídeo do Velasco p n praticar bullying c o moço";;;;"501915471005093889";https://twitter.com/oquemari/status/501915471005093889
polentinhafrita;2014-08-19 13:55;0;0;"Sobre bullying no trabalho: zzzz";;;;"501774509381517312";https://twitter.com/polentinhafrita/status/501774509381517312
desativado1o1;2014-08-18 17:25;0;1;"nesse trabalho ai tu n sofre bullying @ an_kassia " @ CAPRICHO: Joe Jonas comemora aniversário em Las Vegas com strippers anãs";;@ @;;"501464998951276545";https://twitter.com/desativado1o1/status/501464998951276545
brnsrv;2014-08-15 22:31;1;1;"DENÚNCIA DE BULLYING: Hoje no trabalho colocaram o logo da Livraria Saraiva no papel de parede do meu PC.";;;;"500454703474688001";https://twitter.com/brnsrv/status/500454703474688001
guimmytesta;2014-08-13 20:59;0;0;"Sofrendo bullying até na hora de nomear o grupo do trabalho de Projeto Experimental Online";;;;"499706754557837312";https://twitter.com/guimmytesta/status/499706754557837312
projetocolorir;2014-08-13 11:54;0;0;"@ EncontroFatima divulguem nosso trabalho somos uma oscip de enfrentamento a violencia escolar # bullying";;@;#;"499569636456038401";https://twitter.com/projetocolorir/status/499569636456038401
__wonhoe;2014-08-12 08:21;0;0;"falou trabalho em dupla eu ja viro aquela criancinha bullying q eh trocada por uma pedra nos desenhos";;;;"499153642172448768";https://twitter.com/__wonhoe/status/499153642172448768
ameibili;2014-08-03 14:55;0;0;"Bullying é quando a tua família vai almoçar na praia e tu fica em casa pra não dar trabalho";;;;"495991368490426369";https://twitter.com/ameibili/status/495991368490426369
sweetleticia;2014-08-01 15:17;0;0;"No momento sofrendo bullying pelos colegas de trabalho por gostar de Raça Negra";;;;"495272149893255168";https://twitter.com/sweetleticia/status/495272149893255168
lucasmang_;2014-07-29 20:10;0;0;"Eu sofro bullying no trabalho";;;;"494258812157976577";https://twitter.com/lucasmang_/status/494258812157976577
tchaugemea;2014-07-18 15:04;0;0;"Já tô sofrendo bullying com as gurias do trabalho hahahaha";;;;"490195539062181888";https://twitter.com/tchaugemea/status/490195539062181888
kakobarg;2014-07-14 18:22;0;2;"Bullying no trabalho";;;;"488795629624524801";https://twitter.com/kakobarg/status/488795629624524801
analidior;2014-07-04 08:53;0;0;""Tempo até o trabalho: Tempo estimado de chegada: 1 h 0 min (atraso de 0 minutos) por RS-122" bullying do celular com minha vida parada";;;;"485028505466716160";https://twitter.com/analidior/status/485028505466716160
su_denes;2014-06-20 12:47;0;0;"Contei pra minha mãe que sofro bullying no trabalho, ela só deu risada";;;;"480013956560736256";https://twitter.com/su_denes/status/480013956560736256
renatamotta;2014-06-18 14:05;0;0;"Estou sofrendo bullying no trabalho por estar temporariamente muda. :(";;;;"479308924722876416";https://twitter.com/renatamotta/status/479308924722876416
victorhugocr33;2014-06-10 19:43;0;0;"A pessoa da bem trabalhando aí chega sua amiga de trabalho e de faz um bullying mais gostei Rosi,… http://instagram.com/p/pFKm2bCqOn/";;;;"476494792705056768";https://twitter.com/victorhugocr33/status/476494792705056768
gugu_ng;2014-06-08 12:30;0;0;"@ maubrisa cara achei uns vídeos do ano passado hahaha da época do trabalho do bullying .. falconi fazendo lutinha de cel..";;@;;"475661149648990208";https://twitter.com/gugu_ng/status/475661149648990208
su_denes;2014-05-30 21:03;0;0;"To sofrendo bullying até das minhas colegas de trabalho";;;;"472528824853606400";https://twitter.com/su_denes/status/472528824853606400
aurorafenix;2014-05-19 17:13;0;0;"Eu ja assumi meu auto bullying com Dem Haters tal como Nani com Tec de Seg do Trabalho";;;;"468484691172290560";https://twitter.com/aurorafenix/status/468484691172290560
lenamzx;2014-05-17 00:30;0;0;"gnt eu engordei e isso é bom pro meu trabalho mas ruim pra minha vida pessoal pq tenho depressao e bullying com gordas ai vou me autobulinar";;;;"467507527786463232";https://twitter.com/lenamzx/status/467507527786463232
rayhanemn;2014-05-16 22:06;0;0;"Só falta eu sofrer bullying no trabalho aí eu vou apelar kkkkkkkkkk mentira eu nunca apelo";;;;"467471137681965058";https://twitter.com/rayhanemn/status/467471137681965058
AraujoDeborah;2014-05-14 18:36;0;0;"Ajudar a amiga fazer o trabalho da faculdade é um bullying @ nattipires";;@;;"466693545605484544";https://twitter.com/AraujoDeborah/status/466693545605484544
danielneto;2014-05-12 14:04;0;0;"Bullying no trabalho, pelo chefe. Quem nunca? "Sloth quer chocolate!" @Fábrica de Chocolates Garoto http://instagram.com/p/n540oAiXtn/";;@F;;"465900369173032960";https://twitter.com/danielneto/status/465900369173032960
lmenezesn;2014-05-08 15:21;0;1;"@ Roliveira09 porra, tocamos o terror no trabalho dele, fazíamos bullying com ele, como esquecer? Trio maravilha!! Hahahaha";;@;;"464470123878047744";https://twitter.com/lmenezesn/status/464470123878047744
abmonteiro13;2014-05-06 21:28;0;1;"Bullying no ambiente de trabalho pic.twitter.com/Thsd7Nlk5W";;;;"463837816741298176";https://twitter.com/abmonteiro13/status/463837816741298176
_ViiSoouza;2014-04-29 20:18;0;0;"Trabalho sobre bullying";;;;"461283450050588672";https://twitter.com/_ViiSoouza/status/461283450050588672
legitcreep;2014-04-23 20:51;0;0;"mentira so me da trabalho mas me da alegrias tbm me da bullying de vez em quando tbm mas alegria as vezes";;;;"459117336319262720";https://twitter.com/legitcreep/status/459117336319262720
jpauloisaac;2014-04-23 10:28;0;0;"Peça sobre bullying com minha pequena Lazi. Muito bom trabalho. @Teatro Madre Esperança Garrido http://instagram.com/p/nIk-AbI06B/";;@Teatro;;"458960577780789248";https://twitter.com/jpauloisaac/status/458960577780789248
Vicky_Mele;2014-04-15 13:47;0;0;"Tou aqui parada na frente do Pc tentando fazer o trabalho sobre Bullying e nn vem nada na minha mente";;;;"456111534348189696";https://twitter.com/Vicky_Mele/status/456111534348189696
Jeefy_;2014-04-03 11:20;0;0;"Tem uma guria aqui no meu trabalho que ta pedindo pra sofrer bullying.";;;;"451725920110645248";https://twitter.com/Jeefy_/status/451725920110645248
joaojj01;2014-04-02 13:39;0;0;"Estou sofrendo bullying no trabalho!! Vou tomar tudo de vcs na justiça @ elsinho_alex e @_catata @… http://instagram.com/p/mS2Ix2Drwt/";;@ @_catata @;;"451398502481162240";https://twitter.com/joaojj01/status/451398502481162240
thaynagcarvalho;2014-03-27 18:16;0;0;"gente, bullying no trabalho e na faculdade :( falam que n parece que faço direito só porque sou retardada e palhaça, VOU DENUNCIAR";;;;"449293918484840448";https://twitter.com/thaynagcarvalho/status/449293918484840448
Meylindesouza_;2014-03-26 20:07;0;1;"Vou logo fazer o trabalho sobre o Bullying, se não esqueço..ai fodeu";;;;"448959565334593536";https://twitter.com/Meylindesouza_/status/448959565334593536
brendaregiss;2014-03-22 18:30;0;1;"prevejo eu segunda sofrendo bullying no trabalho de artea";;;;"447485430628638720";https://twitter.com/brendaregiss/status/447485430628638720
luccasviana_;2014-03-21 00:00;0;0;"Sofri bullying esses dia no trabalho, preprosto do Bradesco me perguntou se eu era menor aprendiz pqp KKKKKK";;;;"446843870689914880";https://twitter.com/luccasviana_/status/446843870689914880
anasara_lima;2014-03-12 19:21;0;0;"Isso explica muita coisa na minha vida Haha RT " @ interessante: Pessoas feias sofrem mais bullying no trabalho, diz estudo."";;@;;"443874439865069568";https://twitter.com/anasara_lima/status/443874439865069568
heeylaary_;2014-03-12 08:12;0;0;"Temos q fazer um trabalho sobre o Bullying";;;;"443706038152597504";https://twitter.com/heeylaary_/status/443706038152597504
dioncastro;2014-03-10 13:18;0;0;"Amo gente que faz bullying em si mesmo (me poupa do trabalho)";;;;"443058339011104768";https://twitter.com/dioncastro/status/443058339011104768
_YasminLisboa;2014-02-28 14:37;0;1;"Aquele momento q chego no trabalho e percebo q ate minha chefe faz bullying comigo kkkkkkkkkkkk pic.twitter.com/d7o7IfQVQX";;;;"439454333667921920";https://twitter.com/_YasminLisboa/status/439454333667921920
ciolinha_;2014-02-26 13:00;0;0;"apelidei o joao de amebo, já que ele causa bullying comigo por causa do meu trabalho, esse loko";;;;"438705097527545857";https://twitter.com/ciolinha_/status/438705097527545857
thaaylaube;2014-02-25 14:30;0;0;"Ai você sofre bullying a tarde inteira pelos colegas de trabalho pq seus "amigos" vão te zoar no trabalho";;;;"438365360858087424";https://twitter.com/thaaylaube/status/438365360858087424
mah_barbosa08;2014-02-24 19:21;0;0;"Aí tu chega no trabalho rindo a toa igual uma retardada e os médicos te zoam a tarde toda! :S # Bullying";;;#;"438076191632011264";https://twitter.com/mah_barbosa08/status/438076191632011264
larissavjr23;2014-02-20 08:03;0;0;"kkkkkkk , minha professora de matematica que um trabalho sobre bullying pra amanhã kkk ela que me fazer rir essa hora ..";;;;"436456147634356224";https://twitter.com/larissavjr23/status/436456147634356224
mugglenatum;2014-02-19 12:54;0;0;"trabalho sobre bullying: já deu fera";;;;"436167024172347393";https://twitter.com/mugglenatum/status/436167024172347393
infive;2014-02-12 23:03;0;0;"Nunca imaginei que iria sofrer bullying de duas mulheres velhas no trabalho. Aff cara namoral chega, to quase chutando o balde";;;;"433768380211142656";https://twitter.com/infive/status/433768380211142656
yankcs;2014-02-12 14:19;0;1;"Me preparando psicologicamente pra sofrer bullying no trabalho";;;;"433636610408988672";https://twitter.com/yankcs/status/433636610408988672
reisenden_;2014-01-23 20:05;0;0;"Sofrendo bullying no trabalho";;;;"426475702805073921";https://twitter.com/reisenden_/status/426475702805073921
bruatthedisco;2014-01-20 12:17;0;0;"@ HornbyTwiggy queria entregar um trabalho pra professora de biologia na porta e um garoto me empurrou pra dentro e ai sofri bullying";;@;;"425270838137749504";https://twitter.com/bruatthedisco/status/425270838137749504
Adrianeefreitas;2014-01-15 23:58;0;0;""Moças bonitas deveriam está em baladas e paquerando rapazes, o trabalho deixa que as feias fazem' AH LIVRO FDP, PARA DE FAZER BULLYING";;;;"423635360888152064";https://twitter.com/Adrianeefreitas/status/423635360888152064
Guuh_Belloti;2014-01-08 16:48;0;0;"Sofrendo bullying no trabalho? Sim, claro, ou com certeza? # job # crazy # peoples # sad # brazil # bullying… http://instagram.com/p/i6yG6qyE0x/";;;# # # # # #;"420990343770017793";https://twitter.com/Guuh_Belloti/status/420990343770017793
alexdemagalhaes;2013-12-26 14:08;0;1;"Até no trabalho sofro bullying :(";;;;"416239010533875713";https://twitter.com/alexdemagalhaes/status/416239010533875713
vivianchaplin;2013-12-20 12:10;0;0;"Tô sofrendo bullying no trabalho! Saio da minha mesa por 5 min e qdo eu volto...aaarghh! Vai ter troco… http://instagram.com/p/iJXPslQIEU/";;;;"414035136007909376";https://twitter.com/vivianchaplin/status/414035136007909376
dessafariass;2013-12-20 09:05;0;0;"Me arrumei td menininha, to de francezinha nas unhas::: me preparando para o bullying no trabalho";;;;"413988601459142656";https://twitter.com/dessafariass/status/413988601459142656
jijibabaca;2013-12-18 07:59;0;0;"Hoje eu já acordei viajando, prevejo bullying no trabalho (pra variar).";;;;"413247131185856512";https://twitter.com/jijibabaca/status/413247131185856512
bruna_marquues;2013-12-17 20:32;0;0;"Sofro bullying no trabalho, pode isso ? Kkkkk";;;;"413074234429435904";https://twitter.com/bruna_marquues/status/413074234429435904
stilesblood;2013-12-17 03:31;0;0;"@ psirwin vdd sofri bullying,meus pais n fizeram um bom trabalho hahha";;@;;"412817373532782593";https://twitter.com/stilesblood/status/412817373532782593
WFBonemer;2013-12-06 11:24;0;1;"Acho a @ PalomaPiragibe um doce! Agora, esses RTs que ela dá sobre o # Encontro, enquanto eu trabalho... é bullying!";;@;#;"408950043002281984";https://twitter.com/WFBonemer/status/408950043002281984
RicardoPietzZz;2013-11-25 11:12;0;0;"O gordo fez bullying com a rosane e agr ta apresentando um trabalho sobre bullying e pedindo desculpas. Hsiahsihqudiqg bem feito.";;;;"404960791721676800";https://twitter.com/RicardoPietzZz/status/404960791721676800
WFBonemer;2013-11-21 23:04;0;0;"Pela manhã sofro bullying por lotarem minha TL com comentários do # Encontro enquanto trabalho. (Cont)";;;#;"403690375703195648";https://twitter.com/WFBonemer/status/403690375703195648
vinicius_1997;2013-11-18 20:02;0;0;"Trabalho de bullying vo pega o Del q é gordo batendo em mim q sou magro e fala q é bullying # eisso";;;#;"402557328018653184";https://twitter.com/vinicius_1997/status/402557328018653184
diasscarolina;2013-11-04 10:10;0;2;"acabei de apresentar um trabalho sobre bullying";;;;"397335145453465600";https://twitter.com/diasscarolina/status/397335145453465600
tacianemapa;2013-11-01 09:37;0;0;"Tenho trabalho pra apresentar sobre o bullying hje";;;;"396254756035104768";https://twitter.com/tacianemapa/status/396254756035104768
_MesninadoJus_;2013-10-31 10:53;0;0;"Estamos fazendo um trabalho sobre teatro e o nosso tema é o Bullying e ainda bem q pegamos o menor da nossa sala pro nosso grupo rss";;;;"395911351220338688";https://twitter.com/_MesninadoJus_/status/395911351220338688
_daniellesjc;2013-10-25 16:58;1;1;"Vcs precisam assistir o teatro do trabalho da @ olabitches !!! Engraçado 100% adoreeeei msm elas fazendo bullying com o davi";;@;;"393828969143087104";https://twitter.com/_daniellesjc/status/393828969143087104
gustavokborges;2013-10-23 07:31;0;0;"Tamo fazendo um trabalho sobre Bullying";;;;"392961401909940224";https://twitter.com/gustavokborges/status/392961401909940224
oGabrielLemos;2013-10-22 16:46;2;0;"vai ter trabalho pra discutir bullying aqui nessa bagaça, vou chamar a @ crfjulia pra dar depoimento.";;@;;"392738693280456704";https://twitter.com/oGabrielLemos/status/392738693280456704
EderHenrique;2013-10-22 09:32;1;0;"Mais uma versão da minha foto com a Demi! Sofro bullying no trabalho! pic.twitter.com/RmpXeltrMx";;;;"392629654835953665";https://twitter.com/EderHenrique/status/392629654835953665
eupalmeirenseap;2013-10-18 23:04;0;0;"Sofro bullying até do meu namorado q passa o dia me chamando de narigudinha no trabalho né @19_marlison ? # GloboReporter";;@19_marlison;#;"391384309699198976";https://twitter.com/eupalmeirenseap/status/391384309699198976
DandharaMorais;2013-10-18 01:08;0;0;"Sofro bullying, tenho muito trabalho todo dia, o MTE é longe pra c*cete, mas eu to APAIXONADA pelo meu trabalho";;;;"391053035801432064";https://twitter.com/DandharaMorais/status/391053035801432064
Mariana_Fanti;2013-10-17 19:29;0;0;"Queria falar da Demi no trabalho sobre bullying de redação mas não combina com nenhuma opção da apostila";;;;"390967907523788801";https://twitter.com/Mariana_Fanti/status/390967907523788801
GuriaCiumentawn;2013-10-15 16:38;0;0;"Sofro bullying até no ambiente de trabalho, que absurdo.";;;;"390200034698223616";https://twitter.com/GuriaCiumentawn/status/390200034698223616
fernandomeyrer;2013-10-10 14:36;0;0;"Sofrendo bullying dos meus colegas de trabalho velhos me mandando cantar mentalmente";;;;"388357263012151297";https://twitter.com/fernandomeyrer/status/388357263012151297
Jeh_bertoldo;2013-10-09 09:43;0;0;"Sofrendo bullying no trabalho!!! Esconderam minha sapatilha!!!";;;;"387921359445434368";https://twitter.com/Jeh_bertoldo/status/387921359445434368
vxczxr;2013-10-07 17:06;0;0;"@ AhSantanaLopez parou o bullying com o meu trabalho, sou mt digna";;@;;"387307976912302081";https://twitter.com/vxczxr/status/387307976912302081
LuElisabete;2013-10-04 16:04;0;0;"Bullying no trabalho :( @Sites&Cia http://instagram.com/p/fDnmn5uleB/";;@Sites;;"386205228284280832";https://twitter.com/LuElisabete/status/386205228284280832
gabbi_e;2013-10-01 08:41;0;0;"Até longe do trabalho eu sofro bullying. Esse povo me ama!";;;;"385006488991039488";https://twitter.com/gabbi_e/status/385006488991039488
izazahdi;2013-09-30 09:26;0;0;"Sofro bullying no trabalho :( haha # sonia # bullying # turmadamônica # amigas @Ótica Record http://instagram.com/p/e4mqESivpH/";;@;# # # #;"384655449393745920";https://twitter.com/izazahdi/status/384655449393745920
Nufertzan;2013-09-26 13:05;0;0;"# bullying no trabalho Q.Q @Studio Z - Design e Animação http://instagram.com/p/eusw1HusA5/";;@Studio;#;"383261095492087809";https://twitter.com/Nufertzan/status/383261095492087809
karolineagf;2013-09-19 10:29;0;0;"Sono é bullying pra quem está no trabalho... @Artsport / FMG http://instagram.com/p/ecZCRaIEdx/";;@Artsport;;"380684953220300800";https://twitter.com/karolineagf/status/380684953220300800
mollykills;2013-09-18 17:39;0;0;"Sofrendo bullying no trabalho since always";;;;"380430928784666624";https://twitter.com/mollykills/status/380430928784666624
bab1lonn;2013-09-17 20:43;0;0;"Amanha tem apresentação do trabalho d matemática sobre bullying, tipo ?!?!?!";;;;"380114819434942465";https://twitter.com/bab1lonn/status/380114819434942465
stylesticks;2013-09-16 14:09;0;0;"Daqui apouco vou apresentar meu trabalho sobre bullying onde eu vou falar da demi, liam, zayn, lady gaga e etcc ♡";;;;"379653314188947456";https://twitter.com/stylesticks/status/379653314188947456
nrbcastro;2013-09-10 20:20;0;0;"Sofri bullying no trabalho hoje. As meninas vieram me dar os parabéns. --' # consciêciazero # chateada # DiaDoGordo";;;# # #;"377572194827919360";https://twitter.com/nrbcastro/status/377572194827919360
jessicadizz;2013-09-06 00:51;1;0;"@dasilvaalan_ e olha q a gente fez um trabalho super educativo sobre Bullying e vc praticava isso cmg ): q feio";;@dasilvaalan_;;"375828660097646592";https://twitter.com/jessicadizz/status/375828660097646592
LaiLemos;2013-09-01 21:21;0;0;"Kkkkkk " @ Josericardino: Não uso camisa cor-de-rosa pq já sofro bullying no trabalho por ser são paulino."";;@;;"374326163965247488";https://twitter.com/LaiLemos/status/374326163965247488
eitamcfly;2013-08-26 18:58;0;0;"nao aguento mais, pra onde eu ando tem trabalho de bullying pra fazer vão toma no cu";;;;"372115842101956608";https://twitter.com/eitamcfly/status/372115842101956608
eitamcfly;2013-08-26 18:57;1;0;"“@awayzain: já to cansada de fazer trabalho sobre os benefícios da tecnologia e bla bla bla porra que coisa chata” e eu sobre bullying";;@awayzain;;"372115671968395265";https://twitter.com/eitamcfly/status/372115671968395265
marcelapereiram;2013-08-10 11:06;0;0;"“ @ canalgnt: Bullying no trabalho! Próx. tema # SaiaJusta. Já passou por isso? Conte sua história no fórum: http://ow.ly/nN9rk ”";;@;#;"366198870537027584";https://twitter.com/marcelapereiram/status/366198870537027584
mdantaas;2013-08-08 13:39;0;0;"Fizeram bullying com o meu grupo de trabalho de campo em topografia, vocês preciasavam ver";;;;"365512599792009216";https://twitter.com/mdantaas/status/365512599792009216
andreapess;2013-08-06 07:46;0;0;"Só porque meu trabalho já veio pronto de casa, já falam q a culpa da chuva eh minha!!! Sofro bullying nessa sala";;;;"364698926877646848";https://twitter.com/andreapess/status/364698926877646848
EduardoFilhoedu;2013-07-07 13:30;0;0;"Pais q trabalham fora e têm filho vítima de bullying na escola: Um dos 2 deve sair do trabalho ou pedir licença de 2 meses. Bullying é sério";;;;"353914032719278080";https://twitter.com/EduardoFilhoedu/status/353914032719278080
aeneenee;2013-06-28 15:51;0;0;"Um # bom ambiente de # trabalho se faz com um pouco de # bullying e bons apelidos ;) @You Move http://instagram.com/p/bHQHgDO08r/";;@You;# # #;"350688033630203905";https://twitter.com/aeneenee/status/350688033630203905
Rayaneh_N;2013-06-07 10:15;0;0;"2°Dia de trabalho sobre o # Bullying com as meninas da facul Leticia, Elisama # vqv q hj vai ser puxado õ/ http://4sq.com/17tPTJi";;;# #;"342993165407645697";https://twitter.com/Rayaneh_N/status/342993165407645697
Bia_lorencato;2013-05-28 23:44;0;1;"Velho amanha vi sofre mt bullying c meu trabalho de geografia kkkkk";;;;"339572981447675907";https://twitter.com/Bia_lorencato/status/339572981447675907
ariel_sposito;2013-05-28 16:24;0;0;"@ _jaderibeiro deixa eu voltar pro trabalho, chega de bullying por hoje skpadkoakd";;@;;"339462206175473664";https://twitter.com/ariel_sposito/status/339462206175473664
Rayaneh_N;2013-05-28 13:11;0;0;"Trabalho sobre # Bullying na # EscolaMeta # Psicologia # VivaAsDifereças # NãoAoBullying @Escola Meta http://instagram.com/p/Z3IzoMFm0Z/";;@Escola;# # # # #;"339413700001812480";https://twitter.com/Rayaneh_N/status/339413700001812480
jeronimoferrera;2013-05-27 20:39;0;0;"I'm a survivor! Ensaio fotográfico com o tema "bullying"; trabalho sobre Direitos Humanos.… http://instagram.com/p/Z1XOUCDuJQ/";;;;"339164059188461569";https://twitter.com/jeronimoferrera/status/339164059188461569
loiiraawn;2013-05-27 12:42;0;0;"Terminei meu trabalho sobre bullying";;;;"339043935819292672";https://twitter.com/loiiraawn/status/339043935819292672
lainesmoura;2013-05-26 11:39;0;0;"Sofro bullying porque estudo e trabalho";;;;"338665585787416577";https://twitter.com/lainesmoura/status/338665585787416577
eaemandys;2013-05-23 17:24;0;0;"sabado eu nem vou aparecer na escola pq fiquei com nota vermelha, e nem fiz aquele trabalho do bullying, eueieuheue";;;;"337665465793011712";https://twitter.com/eaemandys/status/337665465793011712
victoriaasaad;2013-05-19 22:50;0;1;"@ juliamaarinho @ marcelaamoraes @ Brunaabragaa Sofro bullying.. Fazer um depoimento e colocar no meu trabalho da informatica! # partiu";;@ @ @;#;"336297905117859840";https://twitter.com/victoriaasaad/status/336297905117859840
belapierotti;2013-05-15 20:09;2;0;"amanhã vou sofrer bullying pelo trabalho de port, pressinto";;;;"334807882447081473";https://twitter.com/belapierotti/status/334807882447081473
subproletariado;2013-05-07 16:55;0;0;"Seminário sobre bullying logo mais. Já vai ser um trabalho a menos. Ufa.";;;;"331859897669001218";https://twitter.com/subproletariado/status/331859897669001218
ederleitte;2013-05-07 13:05;0;0;"Cadê marcha pela erradicação do trabalho adulto? Isso é bullying.";;;;"331801886577537027";https://twitter.com/ederleitte/status/331801886577537027
mrtnsgabi;2013-05-06 14:55;0;0;"Status: praticando bullying no trabalho.";;;;"331467270465404928";https://twitter.com/mrtnsgabi/status/331467270465404928
biaromoco;2013-04-26 11:12;0;0;"Sofrendo bullying pq tirei a carteira de trabalho";;;;"327787280955764736";https://twitter.com/biaromoco/status/327787280955764736
anthaina;2013-04-09 11:34;0;0;"Divei na apresentação do trabalho sobre bullying.";;;;"321632298564976640";https://twitter.com/anthaina/status/321632298564976640
JuDaJovemFla;2013-03-27 23:06;0;0;"A mina da minha turma que não me curti muito eu menos ainda ela, fez o trabalho sobre bullying como todos , ai falei pro garoto do grupo dla";;;;"317095302043680768";https://twitter.com/JuDaJovemFla/status/317095302043680768
sincronicidade;2013-03-27 15:57;1;0;"sou tão humilhada no trabalho que fui chamada enquanto instalavam o relógio-ponto pra medir a altura e ver se eu alcançava # bullying";;;#;"316987450666921984";https://twitter.com/sincronicidade/status/316987450666921984
manusantos07;2013-03-25 21:47;0;0;"Bullying foi o meu trabalho de TCC, bem interessante, e realmente não é qualquer coisa que pode ser considerado bullying e o exagero existe";;;;"316350691717300225";https://twitter.com/manusantos07/status/316350691717300225
brunaf__;2013-03-25 16:24;0;0;"@StefaniBasei vai pesquisando lá do trabalho de sociologia do bullying que depois eu imprimo pra ti tb ;))";;@StefaniBasei;;"316269300002484224";https://twitter.com/brunaf__/status/316269300002484224
gstvlz;2013-03-21 11:13;0;0;"Até no trabalho eu sofro Bullying '-' kkk (@Grupo CJF) [pic]: http://4sq.com/ZNQZZd";;@Grupo;;"314741557397958656";https://twitter.com/gstvlz/status/314741557397958656
DayaneColonia;2013-03-20 17:12;0;0;"Sofrendo bullying no trabalho. Eu, Tentando arrumar. renatinhatardin rindo sem parar e me chamando d… http://instagr.am/p/XF5zc5rA9J/";;;;"314469573703368704";https://twitter.com/DayaneColonia/status/314469573703368704
garotacrentexcx;2013-03-18 11:21;0;0;"@ danielramos2 o povo confunde trabalho com balada shbgsujjhd n sofro bullying do metro até pq nem metrô pego EU PEGO ÔNIBUS DE POBRE";;@;;"313656496418344961";https://twitter.com/garotacrentexcx/status/313656496418344961
joyslmo;2013-03-18 11:08;0;0;"Coloquei a sinopse do never say never no trabalho e agr to sofrendo bullying e sendo mega grossa com todo mundo";;;;"313653251239182337";https://twitter.com/joyslmo/status/313653251239182337
1tequila_;2013-03-08 11:06;0;0;"@_luararocha trabalho na empresa bullying beijokas";;@_luararocha;;"310028681852620800";https://twitter.com/1tequila_/status/310028681852620800
marinanishimoto;2013-03-05 12:59;0;0;"queremos fazer tipo de um teatro na aula de religião pra apresentar o trabalho sobre o bullying, e adivinhem que vai sofrer? isso mesmo, eu";;;;"308969951673339904";https://twitter.com/marinanishimoto/status/308969951673339904
intercalado;2013-02-26 13:14;0;0;"Trabalho manuscrito é bullying com os analfabetos";;;;"306437002558050305";https://twitter.com/intercalado/status/306437002558050305
luaalencr;2013-02-22 08:25;0;0;"Cara, o trabalho de inglês é pra apresentar uma musica e a nossa é baby do Justin Bieber. Vamo sofrer bullying";;;;"304914714159374336";https://twitter.com/luaalencr/status/304914714159374336
ecangomes;2013-02-21 01:12;0;0;"Bullying pra la, bullying pra ca, bullying no trabalho, na escola, na rua... Bom, eu estou disponivel para ser bulinado!";;;;"304443441037856768";https://twitter.com/ecangomes/status/304443441037856768
guismidi;2013-02-19 13:46;0;0;"Bullying no trabalho. Como agir? @Renaissance São Paulo Hotel http://instagr.am/p/V63VnPolCb/";;@Renaissance;;"303908417507049473";https://twitter.com/guismidi/status/303908417507049473
thiagoteves;2013-01-30 00:24;0;0;"@guilhermekleinz depois tenho que te contar do bullying no trabalho, em função daquele vídeo com a Dj. minha mãe mostrou pra todo mundo haha";;@guilhermekleinz;;"296443744796938240";https://twitter.com/thiagoteves/status/296443744796938240
thaliasalgado2;2013-01-29 14:33;0;0;"@ FulvioAvelar @_estherelias nossa que bullying comigo , eu tava cansada acordo 5 da manha pra pegar ônibus pra ir pra escola e trabalho";;@ @_estherelias;;"296294909084827649";https://twitter.com/thaliasalgado2/status/296294909084827649
DanielleVeigaa;2012-12-19 02:48;0;0;"@ Deebonee mancada! Isso é bullying. E esse não é o trabalho dos sonhos dele...";;@;;"281259728531775489";https://twitter.com/DanielleVeigaa/status/281259728531775489
destuitter;2012-12-11 15:00;0;0;"Sofro bullying no trabalho @R18 Comunicação e Tecnologia http://instagr.am/p/TGpUzvFjDR/";;@R18;;"278544838696259586";https://twitter.com/destuitter/status/278544838696259586
depoispassaqui;2012-10-11 01:13;0;0;"tenho necessidade de reclamar do bullying como todos esses auxilios??? naooo amo meu trabalho";;;;"256245995346726912";https://twitter.com/depoispassaqui/status/256245995346726912
turatteu;2012-10-11 00:24;1;0;"“ @ colbiecaiolat: meu irmão sofre bullying na escola, em casa e no antigo trabalho.” Bullyng foi da sua mãe com o mundo, tendo ele...";;@;;"256233791083905024";https://twitter.com/turatteu/status/256233791083905024
jokassj;2012-10-08 21:47;0;0;"Perdendo # AvenidaBrasil para ouvir sobre Bullying nas Organizações de Trabalho. Ave http://Globo.com !!!!";;;#;"255469429465419776";https://twitter.com/jokassj/status/255469429465419776
Geovannalc;2012-09-02 23:15;0;0;"@ Joao_Pajaro @ isabelasm_ @camillafr_ gente olha o bullying, minha primeira campanha pra divulgaçao do meu trabalho, vai ser contra isso kkk";;@ @ @camillafr_;;"242445729979834369";https://twitter.com/Geovannalc/status/242445729979834369
tirunjr;2012-07-18 17:05;0;0;": O bullying começa quando seus amigos esquecem de colocar seu nome no trabalho.";;;;"225682850207387648";https://twitter.com/tirunjr/status/225682850207387648
mambakccabello;2012-06-24 21:54;0;0;"Amanhã eu vou apresentar um trabalho sobre bullying pra turma da manhã OrgulhoDeSerFãDeRestart";;;;"217058188938313728";https://twitter.com/mambakccabello/status/217058188938313728
Cariine_rezende;2012-05-30 21:12;0;0;"Amigas @ nubiaoliveiira e @ Thaatii__ acho que vamos ser processada por Bullying. Podemos pagar Cesta Basica né? Ou trabalho voluntario! Kkkkk";;@ @;;"207987977845088256";https://twitter.com/Cariine_rezende/status/207987977845088256
wannabenat;2012-05-27 19:53;0;0;"@ WeDoingCutting eu tenho um projeto que ajuda pessoas que sofrem bullying e etc, mas nunca dsa certo kk, amo o trabalho d vcs s2";;@;;"206880929002684416";https://twitter.com/wannabenat/status/206880929002684416
carolfrassao;2012-05-22 15:00;0;0;"Sofrendo bullying no trabalho! @Braskem http://instagr.am/p/K8C2HiBBCi/";;@Braskem;;"204995214434254848";https://twitter.com/carolfrassao/status/204995214434254848
Juliealbiero;2012-05-08 19:27;1;0;"Já que eu nao consigo fazer bullying com o meu namorado,existe a ines e o adriano para fazer este trabalho ;D";;;;"199988963904196608";https://twitter.com/Juliealbiero/status/199988963904196608
adrianooce;2012-05-08 13:25;0;0;"Sofrendo bullying no trabalho! @Lig Moto Taxi http://instagr.am/p/KX05WQlzXb/";;@Lig;;"199897891194671107";https://twitter.com/adrianooce/status/199897891194671107
lynnccruz;2012-04-17 15:09;0;0;"Sofrendo bullying no trabalho (obra de Felipe Dantas). pic.twitter.com/fhtKMGPp";;;;"192313795778064384";https://twitter.com/lynnccruz/status/192313795778064384
hojeediademaria;2012-04-02 00:57;0;0;"Vou sofrer bullying no trabalho HUAHAUAHAUAHAU";;;;"186663542009769984";https://twitter.com/hojeediademaria/status/186663542009769984
thadeurn;2012-03-30 15:41;0;0;"To praticando bullying hj no trabalho como se não houvesse amanha.";;;;"185799020487249920";https://twitter.com/thadeurn/status/185799020487249920
juycer;2012-03-22 17:05;0;0;"“ @ erreoliveira: Me chamaram de Osama Bin Laden aqui no trabalho. Configura bullying ou é a dica pra fazer a barba?” bulen";;@;;"182921030510182400";https://twitter.com/juycer/status/182921030510182400
joycinhama;2012-02-17 08:52;0;0;"@ bahsilveira no trabalho bullying se chama assédio moral, e isso sempre me remete a algo sexual! Hahahahahahahaha";;@;;"170460649103704064";https://twitter.com/joycinhama/status/170460649103704064
RoniCarvalho13;2012-02-13 19:30;0;0;"" @ IroniaSA: Não é bullying se a pessoa chegou sorrindo no trabalho de manhã." Bom saber...";;@;;"169171604348219393";https://twitter.com/RoniCarvalho13/status/169171604348219393
MrSomenzari;2011-12-07 23:10;0;0;"HAHAHAH GENTE ME CHAMAM DE SR? SIRIQUEIJO NO TRABALHO! KD DISK BULLYING??";;;;"144584632673894400";https://twitter.com/MrSomenzari/status/144584632673894400
mongeyakusan;2011-12-07 13:19;0;0;"S paciência: fofoca d subceleb, colega d trabalho naja, colega medico egocêntrico, gay q se ofende c bullying mas briga p quem e melhor diva";;;;"144435941237465088";https://twitter.com/mongeyakusan/status/144435941237465088
jorgebentes;2011-11-15 10:55;0;0;"Acabei de passar por um morador de rua que disse: "tá bem mais magro hein". Ou seja trabalho no feriado e ainda sofro bullying!";;;;"136427186822455297";https://twitter.com/jorgebentes/status/136427186822455297
Fernanda_Smith;2011-11-08 22:32;0;0;"O Bullying começa quando seu nome é o último no trabalho feito em grupo.";;;;"134065860062097408";https://twitter.com/Fernanda_Smith/status/134065860062097408
fernandamlb;2011-11-08 21:19;1;0;"E se ninguem quiser ser minha dupla em um trabalho? Vai virar TT tambem? Ah vá, isso nao é bullying";;;;"134047319267086336";https://twitter.com/fernandamlb/status/134047319267086336
mel_restitutti;2011-10-18 14:00;0;0;"To sofrendo bullying no trabalho :( soh pq to branca =\";;;;"126341835529535489";https://twitter.com/mel_restitutti/status/126341835529535489
paulinhachaves;2011-10-04 20:00;0;0;"Bullying no trabalho";;;;"121359088226541568";https://twitter.com/paulinhachaves/status/121359088226541568
duplusk;2011-09-28 19:59;0;0;"Garoto Pedro Yarthox sai do twitter. "Muita pressão e bullying, quero me focar no meu trabalho musical" veja fotos";;;;"119184556527058944";https://twitter.com/duplusk/status/119184556527058944
p_maia;2011-09-21 20:28;0;0;"@ DepPerpetua não tia é porque o trabalho é sobre bullying!";;@;;"116655141926604801";https://twitter.com/p_maia/status/116655141926604801
elbineo;2011-09-20 08:29;0;0;"Isso se chama bullying no ambiente de trabalho http://twitpic.com/6nrgk0";;;;"116111794849841152";https://twitter.com/elbineo/status/116111794849841152
flavioricardo;2011-08-31 15:55;0;0;"@ xorna Acho que bullying deve fazer parte da rotina de trabalho 99,9% das empresas de software. :-P";;@;;"108976243482968064";https://twitter.com/flavioricardo/status/108976243482968064
InglaFaulstich;2011-08-18 09:52;0;0;"Trabalho com adolescentes sobre Bullying (@La Salle Brasília) http://4sq.com/nn5fS3";;@La;;"104173723359260673";https://twitter.com/InglaFaulstich/status/104173723359260673
galdinotoscano;2011-08-16 01:21;0;0;"# programadojo Respeito muito o trabalho da Dr. Ana Beatriz, porém o termo BULLYING poderia ser traduzido para nosso idioma sim.";;;#;"103320494979284992";https://twitter.com/galdinotoscano/status/103320494979284992
extatique;2011-08-05 11:29;0;0;"Denúncia! Estou sofrendo bullying no trabalho ;) @one digital comunicacao digital http://instagr.am/p/JZ0AL/";;@one;;"99487240757063680";https://twitter.com/extatique/status/99487240757063680
ArielQuintas;2011-08-05 07:10;0;0;"# BomdiaParana falando de bullying no trabalho. que puta viadagem da porra ein?!";;;#;"99422079002226688";https://twitter.com/ArielQuintas/status/99422079002226688
eliassouto;2011-07-25 10:54;0;0;"@ LelioCalhau concordo com vc. Mas o bullying está em todo lugar, trabalho, lazer, onde houver convívio social...";;@;;"95492107011231744";https://twitter.com/eliassouto/status/95492107011231744
Thi1i;2011-07-13 12:52;1;0;"to sofrendo bullying no trabalho só pq toda vez q me chamam eu coloco a mão na cintura, viro em câmera lenta e jogo meu cabelo pro lado aff";;;;"91173195641655296";https://twitter.com/Thi1i/status/91173195641655296
fabintk;2011-06-28 14:20;0;0;"Estou senso vitima de bullying no trabalho! :/";;;;"85759408801464320";https://twitter.com/fabintk/status/85759408801464320
tito_booz;2011-06-14 22:16;0;0;"To sofrendo bullying no trabalho porque não tenho um Playstation 3. :-(";;;;"80805802893516800";https://twitter.com/tito_booz/status/80805802893516800
Isabelagonc;2011-06-14 19:59;56;7;"O BULLYING COMEÇA QND SEU NOME É O ULTIMO NO TRABALHO FEITO EM GRUPO";;;;"80771452139356162";https://twitter.com/Isabelagonc/status/80771452139356162
MonstrinhosSA;2011-06-08 11:43;0;0;"Bullying rolando solto em ambiente de trabalho..";;;;"78472217549221888";https://twitter.com/MonstrinhosSA/status/78472217549221888
BellaTeixeira;2011-06-07 10:55;0;0;"@ claraulhoa Vai chamar você para falar desse trabalho aí que é bem mais complexo - bobona. E nao é bullying é a realidade :)";;@;;"78097716693057536";https://twitter.com/BellaTeixeira/status/78097716693057536
HenriqueMouraF;2011-06-05 03:36;0;0;"Vou sofrer bullying pela minha musica do trabalho. Vai ser bad, mas foda-se.";;;;"77262460737957888";https://twitter.com/HenriqueMouraF/status/77262460737957888
benifalcone;2011-05-20 21:59;1;0;"@ MBoury Obg pela oportunidade de debater o bullying através do Téo. Pela primeira vez na vida, enxerguei a real importância do meu trabalho.";;@;;"71741763655700481";https://twitter.com/benifalcone/status/71741763655700481
riltonmorais;2011-05-09 10:49;0;0;"Acabou a folga. Retornando para a vida sem glamour. Se eu assumir que fico feliz em voltar ao trabalho, será que vou sofrer bullying?";;;;"67586918224904192";https://twitter.com/riltonmorais/status/67586918224904192
Aleott;2011-05-06 12:26;0;0;"Trabalho, o bullying da vida";;;;"66524193784725504";https://twitter.com/Aleott/status/66524193784725504
renatogomesmar;2011-05-02 14:14;0;0;"To sendo bulinado no trabalho # bullying";;;#;"65101814672007169";https://twitter.com/renatogomesmar/status/65101814672007169
mvtq;2011-04-19 04:05;0;0;"@ anthonytemp cara de quem sofre # bullying no trabalho!! Hahahahaha";;@;#;"60237649411190784";https://twitter.com/mvtq/status/60237649411190784
mpcesa;2011-04-15 18:02;0;0;"“@BieCesa: Existe bullying empresarial será?? Se sim, nos da o direito de cometer insanidades??” Existe, sim, mas o troco vem com o trabalho";;@BieCesa;;"58998632006946816";https://twitter.com/mpcesa/status/58998632006946816
paulabazote;2011-04-15 16:09;0;0;"Fiquei 30 minutos ouvindo lamentações de uma MOÇA de 53 anos que é virgem e sofre "bullying" no trabalho. Eu realmente mereço, certeza.";;;;"58970246031220737";https://twitter.com/paulabazote/status/58970246031220737
__NathyCosta;2011-03-01 19:04;0;0;"Amanhã eu vo ter que apresentar trabalho sobre o Bullying, na frente da classe inteira, e a vergonha como fica? rs.";;;;"42706692567339008";https://twitter.com/__NathyCosta/status/42706692567339008
carolfasciana;2011-02-24 22:47;0;0;"E depois o trabalho sobre Bullying g-g";;;;"40951078652608514";https://twitter.com/carolfasciana/status/40951078652608514
annielleh;2010-12-14 23:22;0;0;"vou terminar meu trabalho sobre # Bullying :)";;;#;"14852863150792704";https://twitter.com/annielleh/status/14852863150792704
camila_p;2010-12-13 22:44;0;0;"as meninas do trabalho já me acham engraçada e querem me chamar pra tomar cerveja # bullying # no # more";;;# # #;"14480718805602304";https://twitter.com/camila_p/status/14480718805602304